slug,tipo,posicion,asin,titulo_ejemplo,precio_eur
auriculares-bluetooth,bestseller,1,B0EJEMPLO01,"Auriculares BT ejemplo — pega el título real de amazon.es",29.99
auriculares-bluetooth,bestseller,2,B0EJEMPLO02,"",0
auriculares-bluetooth,bestseller,3,B0EJEMPLO03,"",0
auriculares-bluetooth,bestseller,4,B0EJEMPLO04,"",0
auriculares-bluetooth,bestseller,5,B0EJEMPLO05,"",0
auriculares-bluetooth,top-rated,1,B0EJEMPLO06,"",0
auriculares-bluetooth,top-rated,2,B0EJEMPLO07,"",0
auriculares-bluetooth,top-rated,3,B0EJEMPLO08,"",0
auriculares-bluetooth,top-rated,4,B0EJEMPLO09,"",0
auriculares-bluetooth,top-rated,5,B0EJEMPLO10,"",0
smartwatch,bestseller,1,,,,0
smartwatch,bestseller,2,,,,0
smartwatch,bestseller,3,,,,0
smartwatch,bestseller,4,,,,0
smartwatch,bestseller,5,,,,0
smartwatch,top-rated,1,,,,0
smartwatch,top-rated,2,,,,0
smartwatch,top-rated,3,,,,0
smartwatch,top-rated,4,,,,0
smartwatch,top-rated,5,,,,0
altavoz-bluetooth,bestseller,1,,,,0
altavoz-bluetooth,bestseller,2,,,,0
altavoz-bluetooth,bestseller,3,,,,0
altavoz-bluetooth,bestseller,4,,,,0
altavoz-bluetooth,bestseller,5,,,,0
altavoz-bluetooth,top-rated,1,,,,0
altavoz-bluetooth,top-rated,2,,,,0
altavoz-bluetooth,top-rated,3,,,,0
altavoz-bluetooth,top-rated,4,,,,0
altavoz-bluetooth,top-rated,5,,,,0
monitor-4k,bestseller,1,,,,0
monitor-4k,bestseller,2,,,,0
monitor-4k,bestseller,3,,,,0
monitor-4k,bestseller,4,,,,0
monitor-4k,bestseller,5,,,,0
monitor-4k,top-rated,1,,,,0
monitor-4k,top-rated,2,,,,0
monitor-4k,top-rated,3,,,,0
monitor-4k,top-rated,4,,,,0
monitor-4k,top-rated,5,,,,0
teclado-mecanico,bestseller,1,,,,0
teclado-mecanico,bestseller,2,,,,0
teclado-mecanico,bestseller,3,,,,0
teclado-mecanico,bestseller,4,,,,0
teclado-mecanico,bestseller,5,,,,0
teclado-mecanico,top-rated,1,,,,0
teclado-mecanico,top-rated,2,,,,0
teclado-mecanico,top-rated,3,,,,0
teclado-mecanico,top-rated,4,,,,0
teclado-mecanico,top-rated,5,,,,0
silla-gaming,bestseller,1,,,,0
silla-gaming,bestseller,2,,,,0
silla-gaming,bestseller,3,,,,0
silla-gaming,bestseller,4,,,,0
silla-gaming,bestseller,5,,,,0
silla-gaming,top-rated,1,,,,0
silla-gaming,top-rated,2,,,,0
silla-gaming,top-rated,3,,,,0
silla-gaming,top-rated,4,,,,0
silla-gaming,top-rated,5,,,,0
freidora-aire,bestseller,1,,,,0
freidora-aire,bestseller,2,,,,0
freidora-aire,bestseller,3,,,,0
freidora-aire,bestseller,4,,,,0
freidora-aire,bestseller,5,,,,0
freidora-aire,top-rated,1,,,,0
freidora-aire,top-rated,2,,,,0
freidora-aire,top-rated,3,,,,0
freidora-aire,top-rated,4,,,,0
freidora-aire,top-rated,5,,,,0
robot-aspirador,bestseller,1,,,,0
robot-aspirador,bestseller,2,,,,0
robot-aspirador,bestseller,3,,,,0
robot-aspirador,bestseller,4,,,,0
robot-aspirador,bestseller,5,,,,0
robot-aspirador,top-rated,1,,,,0
robot-aspirador,top-rated,2,,,,0
robot-aspirador,top-rated,3,,,,0
robot-aspirador,top-rated,4,,,,0
robot-aspirador,top-rated,5,,,,0
cafetera-expreso,bestseller,1,,,,0
cafetera-expreso,bestseller,2,,,,0
cafetera-expreso,bestseller,3,,,,0
cafetera-expreso,bestseller,4,,,,0
cafetera-expreso,bestseller,5,,,,0
cafetera-expreso,top-rated,1,,,,0
cafetera-expreso,top-rated,2,,,,0
cafetera-expreso,top-rated,3,,,,0
cafetera-expreso,top-rated,4,,,,0
cafetera-expreso,top-rated,5,,,,0
aspiradora-vertical,bestseller,1,,,,0
aspiradora-vertical,bestseller,2,,,,0
aspiradora-vertical,bestseller,3,,,,0
aspiradora-vertical,bestseller,4,,,,0
aspiradora-vertical,bestseller,5,,,,0
aspiradora-vertical,top-rated,1,,,,0
aspiradora-vertical,top-rated,2,,,,0
aspiradora-vertical,top-rated,3,,,,0
aspiradora-vertical,top-rated,4,,,,0
aspiradora-vertical,top-rated,5,,,,0
serum-vitamina-c,bestseller,1,,,,0
serum-vitamina-c,bestseller,2,,,,0
serum-vitamina-c,bestseller,3,,,,0
serum-vitamina-c,bestseller,4,,,,0
serum-vitamina-c,bestseller,5,,,,0
serum-vitamina-c,top-rated,1,,,,0
serum-vitamina-c,top-rated,2,,,,0
serum-vitamina-c,top-rated,3,,,,0
serum-vitamina-c,top-rated,4,,,,0
serum-vitamina-c,top-rated,5,,,,0
lego-sets,bestseller,1,,,,0
lego-sets,bestseller,2,,,,0
lego-sets,bestseller,3,,,,0
lego-sets,bestseller,4,,,,0
lego-sets,bestseller,5,,,,0
lego-sets,top-rated,1,,,,0
lego-sets,top-rated,2,,,,0
lego-sets,top-rated,3,,,,0
lego-sets,top-rated,4,,,,0
lego-sets,top-rated,5,,,,0
